image_path,label,display_label,model,variant,top_k,color_correct,score_type,prediction_label,prediction_display_label,top1_correct,topk_correct,error
D:\BackupFiles\School2023-Present\05_Spring2026\CS659\CS659_Project\dataset_sample\images\test\1358099\7654c4301d339c75ef92ec38bd30aa246878ee17.jpg,1358099,Sedum brevifolium DC.,tflite,tflite:color_correct=none:top_k=1,1,none,probability,1358095,1358095,False,False,
D:\BackupFiles\School2023-Present\05_Spring2026\CS659\CS659_Project\dataset_sample\images\test\1358099\7654c4301d339c75ef92ec38bd30aa246878ee17.jpg,1358099,Sedum brevifolium DC.,tflite,tflite:color_correct=none:top_k=8,8,none,probability,1358095,1358095,False,True,
D:\BackupFiles\School2023-Present\05_Spring2026\CS659\CS659_Project\dataset_sample\images\test\1358099\7654c4301d339c75ef92ec38bd30aa246878ee17.jpg,1358099,Sedum brevifolium DC.,tflite,tflite:color_correct=gray_world:top_k=1,1,gray_world,probability,1358095,1358095,False,False,
D:\BackupFiles\School2023-Present\05_Spring2026\CS659\CS659_Project\dataset_sample\images\test\1358099\7654c4301d339c75ef92ec38bd30aa246878ee17.jpg,1358099,Sedum brevifolium DC.,tflite,tflite:color_correct=gray_world:top_k=8,8,gray_world,probability,1358095,1358095,False,True,
D:\BackupFiles\School2023-Present\05_Spring2026\CS659\CS659_Project\dataset_sample\images\test\1358099\7654c4301d339c75ef92ec38bd30aa246878ee17.jpg,1358099,Sedum brevifolium DC.,tflite,tflite:color_correct=max_rgb:top_k=1,1,max_rgb,probability,1358095,1358095,False,False,
D:\BackupFiles\School2023-Present\05_Spring2026\CS659\CS659_Project\dataset_sample\images\test\1358099\7654c4301d339c75ef92ec38bd30aa246878ee17.jpg,1358099,Sedum brevifolium DC.,tflite,tflite:color_correct=max_rgb:top_k=8,8,max_rgb,probability,1358095,1358095,False,True,
D:\BackupFiles\School2023-Present\05_Spring2026\CS659\CS659_Project\dataset_sample\images\test\1358099\7654c4301d339c75ef92ec38bd30aa246878ee17.jpg,1358099,Sedum brevifolium DC.,hog_svm,hog_svm:top_k=1,1,,decision_function,1356126,Lavandula dentata L.,False,False,
D:\BackupFiles\School2023-Present\05_Spring2026\CS659\CS659_Project\dataset_sample\images\test\1358099\7654c4301d339c75ef92ec38bd30aa246878ee17.jpg,1358099,Sedum brevifolium DC.,hog_svm,hog_svm:top_k=8,8,,decision_function,1356126,Lavandula dentata L.,False,False,
D:\BackupFiles\School2023-Present\05_Spring2026\CS659\CS659_Project\dataset_sample\images\test\1358760\58c6653e7baff9c45417b6b012bcc0fb440b6596.jpg,1358760,Lavandula multifida L.,tflite,tflite:color_correct=none:top_k=1,1,none,probability,1356692,1356692,False,False,
D:\BackupFiles\School2023-Present\05_Spring2026\CS659\CS659_Project\dataset_sample\images\test\1358760\58c6653e7baff9c45417b6b012bcc0fb440b6596.jpg,1358760,Lavandula multifida L.,tflite,tflite:color_correct=none:top_k=8,8,none,probability,1356692,1356692,False,False,
D:\BackupFiles\School2023-Present\05_Spring2026\CS659\CS659_Project\dataset_sample\images\test\1358760\58c6653e7baff9c45417b6b012bcc0fb440b6596.jpg,1358760,Lavandula multifida L.,tflite,tflite:color_correct=gray_world:top_k=1,1,gray_world,probability,1356692,1356692,False,False,
D:\BackupFiles\School2023-Present\05_Spring2026\CS659\CS659_Project\dataset_sample\images\test\1358760\58c6653e7baff9c45417b6b012bcc0fb440b6596.jpg,1358760,Lavandula multifida L.,tflite,tflite:color_correct=gray_world:top_k=8,8,gray_world,probability,1356692,1356692,False,False,
D:\BackupFiles\School2023-Present\05_Spring2026\CS659\CS659_Project\dataset_sample\images\test\1358760\58c6653e7baff9c45417b6b012bcc0fb440b6596.jpg,1358760,Lavandula multifida L.,tflite,tflite:color_correct=max_rgb:top_k=1,1,max_rgb,probability,1356692,1356692,False,False,
D:\BackupFiles\School2023-Present\05_Spring2026\CS659\CS659_Project\dataset_sample\images\test\1358760\58c6653e7baff9c45417b6b012bcc0fb440b6596.jpg,1358760,Lavandula multifida L.,tflite,tflite:color_correct=max_rgb:top_k=8,8,max_rgb,probability,1356692,1356692,False,False,
D:\BackupFiles\School2023-Present\05_Spring2026\CS659\CS659_Project\dataset_sample\images\test\1358760\58c6653e7baff9c45417b6b012bcc0fb440b6596.jpg,1358760,Lavandula multifida L.,hog_svm,hog_svm:top_k=1,1,,decision_function,1355936,Cirsium arvense (L.) Scop.,False,False,
D:\BackupFiles\School2023-Present\05_Spring2026\CS659\CS659_Project\dataset_sample\images\test\1358760\58c6653e7baff9c45417b6b012bcc0fb440b6596.jpg,1358760,Lavandula multifida L.,hog_svm,hog_svm:top_k=8,8,,decision_function,1355936,Cirsium arvense (L.) Scop.,False,False,
D:\BackupFiles\School2023-Present\05_Spring2026\CS659\CS659_Project\dataset_sample\images\test\1361824\93e587965bd02d7fcc6225724de813abb62b5d29.jpg,1361824,Lavandula angustifolia Mill.,tflite,tflite:color_correct=none:top_k=1,1,none,probability,1358133,1358133,False,False,
D:\BackupFiles\School2023-Present\05_Spring2026\CS659\CS659_Project\dataset_sample\images\test\1361824\93e587965bd02d7fcc6225724de813abb62b5d29.jpg,1361824,Lavandula angustifolia Mill.,tflite,tflite:color_correct=none:top_k=8,8,none,probability,1358133,1358133,False,True,
D:\BackupFiles\School2023-Present\05_Spring2026\CS659\CS659_Project\dataset_sample\images\test\1361824\93e587965bd02d7fcc6225724de813abb62b5d29.jpg,1361824,Lavandula angustifolia Mill.,tflite,tflite:color_correct=gray_world:top_k=1,1,gray_world,probability,1358133,1358133,False,False,
D:\BackupFiles\School2023-Present\05_Spring2026\CS659\CS659_Project\dataset_sample\images\test\1361824\93e587965bd02d7fcc6225724de813abb62b5d29.jpg,1361824,Lavandula angustifolia Mill.,tflite,tflite:color_correct=gray_world:top_k=8,8,gray_world,probability,1358133,1358133,False,False,
D:\BackupFiles\School2023-Present\05_Spring2026\CS659\CS659_Project\dataset_sample\images\test\1361824\93e587965bd02d7fcc6225724de813abb62b5d29.jpg,1361824,Lavandula angustifolia Mill.,tflite,tflite:color_correct=max_rgb:top_k=1,1,max_rgb,probability,1358133,1358133,False,False,
D:\BackupFiles\School2023-Present\05_Spring2026\CS659\CS659_Project\dataset_sample\images\test\1361824\93e587965bd02d7fcc6225724de813abb62b5d29.jpg,1361824,Lavandula angustifolia Mill.,tflite,tflite:color_correct=max_rgb:top_k=8,8,max_rgb,probability,1358133,1358133,False,True,
D:\BackupFiles\School2023-Present\05_Spring2026\CS659\CS659_Project\dataset_sample\images\test\1361824\93e587965bd02d7fcc6225724de813abb62b5d29.jpg,1361824,Lavandula angustifolia Mill.,hog_svm,hog_svm:top_k=1,1,,decision_function,1356781,Humulus lupulus L.,False,False,
D:\BackupFiles\School2023-Present\05_Spring2026\CS659\CS659_Project\dataset_sample\images\test\1361824\93e587965bd02d7fcc6225724de813abb62b5d29.jpg,1361824,Lavandula angustifolia Mill.,hog_svm,hog_svm:top_k=8,8,,decision_function,1356781,Humulus lupulus L.,False,False,
D:\BackupFiles\School2023-Present\05_Spring2026\CS659\CS659_Project\dataset_sample\images\test\1393933\0d1cf78885245ab4b16c0ae10cbcf5ab3c83f757.jpg,1393933,Narthecium ossifragum (L.) Huds.,tflite,tflite:color_correct=none:top_k=1,1,none,probability,1393792,1393792,False,False,
D:\BackupFiles\School2023-Present\05_Spring2026\CS659\CS659_Project\dataset_sample\images\test\1393933\0d1cf78885245ab4b16c0ae10cbcf5ab3c83f757.jpg,1393933,Narthecium ossifragum (L.) Huds.,tflite,tflite:color_correct=none:top_k=8,8,none,probability,1393792,1393792,False,False,
D:\BackupFiles\School2023-Present\05_Spring2026\CS659\CS659_Project\dataset_sample\images\test\1393933\0d1cf78885245ab4b16c0ae10cbcf5ab3c83f757.jpg,1393933,Narthecium ossifragum (L.) Huds.,tflite,tflite:color_correct=gray_world:top_k=1,1,gray_world,probability,1393792,1393792,False,False,
D:\BackupFiles\School2023-Present\05_Spring2026\CS659\CS659_Project\dataset_sample\images\test\1393933\0d1cf78885245ab4b16c0ae10cbcf5ab3c83f757.jpg,1393933,Narthecium ossifragum (L.) Huds.,tflite,tflite:color_correct=gray_world:top_k=8,8,gray_world,probability,1393792,1393792,False,False,
D:\BackupFiles\School2023-Present\05_Spring2026\CS659\CS659_Project\dataset_sample\images\test\1393933\0d1cf78885245ab4b16c0ae10cbcf5ab3c83f757.jpg,1393933,Narthecium ossifragum (L.) Huds.,tflite,tflite:color_correct=max_rgb:top_k=1,1,max_rgb,probability,1393792,1393792,False,False,
D:\BackupFiles\School2023-Present\05_Spring2026\CS659\CS659_Project\dataset_sample\images\test\1393933\0d1cf78885245ab4b16c0ae10cbcf5ab3c83f757.jpg,1393933,Narthecium ossifragum (L.) Huds.,tflite,tflite:color_correct=max_rgb:top_k=8,8,max_rgb,probability,1393792,1393792,False,False,
D:\BackupFiles\School2023-Present\05_Spring2026\CS659\CS659_Project\dataset_sample\images\test\1393933\0d1cf78885245ab4b16c0ae10cbcf5ab3c83f757.jpg,1393933,Narthecium ossifragum (L.) Huds.,hog_svm,hog_svm:top_k=1,1,,decision_function,1355978,Pelargonium zonale (L.) L'Hér.,False,False,
D:\BackupFiles\School2023-Present\05_Spring2026\CS659\CS659_Project\dataset_sample\images\test\1393933\0d1cf78885245ab4b16c0ae10cbcf5ab3c83f757.jpg,1393933,Narthecium ossifragum (L.) Huds.,hog_svm,hog_svm:top_k=8,8,,decision_function,1355978,Pelargonium zonale (L.) L'Hér.,False,False,
D:\BackupFiles\School2023-Present\05_Spring2026\CS659\CS659_Project\dataset_sample\images\test\1420795\bf1e8de41bef3a69600958ba94a5c0cc00307c32.jpg,1420795,Alocasia sanderiana W.Bull,tflite,tflite:color_correct=none:top_k=1,1,none,probability,1420795,1420795,True,True,
D:\BackupFiles\School2023-Present\05_Spring2026\CS659\CS659_Project\dataset_sample\images\test\1420795\bf1e8de41bef3a69600958ba94a5c0cc00307c32.jpg,1420795,Alocasia sanderiana W.Bull,tflite,tflite:color_correct=none:top_k=8,8,none,probability,1420795,1420795,True,True,
D:\BackupFiles\School2023-Present\05_Spring2026\CS659\CS659_Project\dataset_sample\images\test\1420795\bf1e8de41bef3a69600958ba94a5c0cc00307c32.jpg,1420795,Alocasia sanderiana W.Bull,tflite,tflite:color_correct=gray_world:top_k=1,1,gray_world,probability,1420795,1420795,True,True,
D:\BackupFiles\School2023-Present\05_Spring2026\CS659\CS659_Project\dataset_sample\images\test\1420795\bf1e8de41bef3a69600958ba94a5c0cc00307c32.jpg,1420795,Alocasia sanderiana W.Bull,tflite,tflite:color_correct=gray_world:top_k=8,8,gray_world,probability,1420795,1420795,True,True,
D:\BackupFiles\School2023-Present\05_Spring2026\CS659\CS659_Project\dataset_sample\images\test\1420795\bf1e8de41bef3a69600958ba94a5c0cc00307c32.jpg,1420795,Alocasia sanderiana W.Bull,tflite,tflite:color_correct=max_rgb:top_k=1,1,max_rgb,probability,1420795,1420795,True,True,
D:\BackupFiles\School2023-Present\05_Spring2026\CS659\CS659_Project\dataset_sample\images\test\1420795\bf1e8de41bef3a69600958ba94a5c0cc00307c32.jpg,1420795,Alocasia sanderiana W.Bull,tflite,tflite:color_correct=max_rgb:top_k=8,8,max_rgb,probability,1420795,1420795,True,True,
D:\BackupFiles\School2023-Present\05_Spring2026\CS659\CS659_Project\dataset_sample\images\test\1420795\bf1e8de41bef3a69600958ba94a5c0cc00307c32.jpg,1420795,Alocasia sanderiana W.Bull,hog_svm,hog_svm:top_k=1,1,,decision_function,1355932,Pelargonium graveolens L'Hér.,False,False,
D:\BackupFiles\School2023-Present\05_Spring2026\CS659\CS659_Project\dataset_sample\images\test\1420795\bf1e8de41bef3a69600958ba94a5c0cc00307c32.jpg,1420795,Alocasia sanderiana W.Bull,hog_svm,hog_svm:top_k=8,8,,decision_function,1355932,Pelargonium graveolens L'Hér.,False,False,
D:\BackupFiles\School2023-Present\05_Spring2026\CS659\CS659_Project\dataset_sample\images\test\1412697\79c1fa4c67ab1b66f1b2b3b2ca819c822069f79a.jpg,1412697,Mertensia maritima (L.) Gray,tflite,tflite:color_correct=none:top_k=1,1,none,probability,1412697,1412697,True,True,
D:\BackupFiles\School2023-Present\05_Spring2026\CS659\CS659_Project\dataset_sample\images\test\1412697\79c1fa4c67ab1b66f1b2b3b2ca819c822069f79a.jpg,1412697,Mertensia maritima (L.) Gray,tflite,tflite:color_correct=none:top_k=8,8,none,probability,1412697,1412697,True,True,
D:\BackupFiles\School2023-Present\05_Spring2026\CS659\CS659_Project\dataset_sample\images\test\1412697\79c1fa4c67ab1b66f1b2b3b2ca819c822069f79a.jpg,1412697,Mertensia maritima (L.) Gray,tflite,tflite:color_correct=gray_world:top_k=1,1,gray_world,probability,1408774,1408774,False,False,
D:\BackupFiles\School2023-Present\05_Spring2026\CS659\CS659_Project\dataset_sample\images\test\1412697\79c1fa4c67ab1b66f1b2b3b2ca819c822069f79a.jpg,1412697,Mertensia maritima (L.) Gray,tflite,tflite:color_correct=gray_world:top_k=8,8,gray_world,probability,1408774,1408774,False,True,
D:\BackupFiles\School2023-Present\05_Spring2026\CS659\CS659_Project\dataset_sample\images\test\1412697\79c1fa4c67ab1b66f1b2b3b2ca819c822069f79a.jpg,1412697,Mertensia maritima (L.) Gray,tflite,tflite:color_correct=max_rgb:top_k=1,1,max_rgb,probability,1412697,1412697,True,True,
D:\BackupFiles\School2023-Present\05_Spring2026\CS659\CS659_Project\dataset_sample\images\test\1412697\79c1fa4c67ab1b66f1b2b3b2ca819c822069f79a.jpg,1412697,Mertensia maritima (L.) Gray,tflite,tflite:color_correct=max_rgb:top_k=8,8,max_rgb,probability,1412697,1412697,True,True,
D:\BackupFiles\School2023-Present\05_Spring2026\CS659\CS659_Project\dataset_sample\images\test\1412697\79c1fa4c67ab1b66f1b2b3b2ca819c822069f79a.jpg,1412697,Mertensia maritima (L.) Gray,hog_svm,hog_svm:top_k=1,1,,decision_function,1356382,Dryopteris filix-mas (L.) Schott,False,False,
D:\BackupFiles\School2023-Present\05_Spring2026\CS659\CS659_Project\dataset_sample\images\test\1412697\79c1fa4c67ab1b66f1b2b3b2ca819c822069f79a.jpg,1412697,Mertensia maritima (L.) Gray,hog_svm,hog_svm:top_k=8,8,,decision_function,1356382,Dryopteris filix-mas (L.) Schott,False,False,
D:\BackupFiles\School2023-Present\05_Spring2026\CS659\CS659_Project\dataset_sample\images\test\1396156\081d7f75dd40d17f8029493305f7755f6d3080cd.jpg,1396156,Sedum kamtschaticum Fisch. & C.A.Mey.,tflite,tflite:color_correct=none:top_k=1,1,none,probability,1356022,1356022,False,False,
D:\BackupFiles\School2023-Present\05_Spring2026\CS659\CS659_Project\dataset_sample\images\test\1396156\081d7f75dd40d17f8029493305f7755f6d3080cd.jpg,1396156,Sedum kamtschaticum Fisch. & C.A.Mey.,tflite,tflite:color_correct=none:top_k=8,8,none,probability,1356022,1356022,False,True,
D:\BackupFiles\School2023-Present\05_Spring2026\CS659\CS659_Project\dataset_sample\images\test\1396156\081d7f75dd40d17f8029493305f7755f6d3080cd.jpg,1396156,Sedum kamtschaticum Fisch. & C.A.Mey.,tflite,tflite:color_correct=gray_world:top_k=1,1,gray_world,probability,1356692,1356692,False,False,
D:\BackupFiles\School2023-Present\05_Spring2026\CS659\CS659_Project\dataset_sample\images\test\1396156\081d7f75dd40d17f8029493305f7755f6d3080cd.jpg,1396156,Sedum kamtschaticum Fisch. & C.A.Mey.,tflite,tflite:color_correct=gray_world:top_k=8,8,gray_world,probability,1356692,1356692,False,False,
D:\BackupFiles\School2023-Present\05_Spring2026\CS659\CS659_Project\dataset_sample\images\test\1396156\081d7f75dd40d17f8029493305f7755f6d3080cd.jpg,1396156,Sedum kamtschaticum Fisch. & C.A.Mey.,tflite,tflite:color_correct=max_rgb:top_k=1,1,max_rgb,probability,1356022,1356022,False,False,
D:\BackupFiles\School2023-Present\05_Spring2026\CS659\CS659_Project\dataset_sample\images\test\1396156\081d7f75dd40d17f8029493305f7755f6d3080cd.jpg,1396156,Sedum kamtschaticum Fisch. & C.A.Mey.,tflite,tflite:color_correct=max_rgb:top_k=8,8,max_rgb,probability,1356022,1356022,False,True,
D:\BackupFiles\School2023-Present\05_Spring2026\CS659\CS659_Project\dataset_sample\images\test\1396156\081d7f75dd40d17f8029493305f7755f6d3080cd.jpg,1396156,Sedum kamtschaticum Fisch. & C.A.Mey.,hog_svm,hog_svm:top_k=1,1,,decision_function,1355932,Pelargonium graveolens L'Hér.,False,False,
D:\BackupFiles\School2023-Present\05_Spring2026\CS659\CS659_Project\dataset_sample\images\test\1396156\081d7f75dd40d17f8029493305f7755f6d3080cd.jpg,1396156,Sedum kamtschaticum Fisch. & C.A.Mey.,hog_svm,hog_svm:top_k=8,8,,decision_function,1355932,Pelargonium graveolens L'Hér.,False,False,
D:\BackupFiles\School2023-Present\05_Spring2026\CS659\CS659_Project\dataset_sample\images\test\1412889\d18ea420ae3d6fa3384bb7c5cde2b31b2dcf55ef.jpg,1412889,Osmunda claytoniana L.,tflite,tflite:color_correct=none:top_k=1,1,none,probability,1396708,1396708,False,False,
D:\BackupFiles\School2023-Present\05_Spring2026\CS659\CS659_Project\dataset_sample\images\test\1412889\d18ea420ae3d6fa3384bb7c5cde2b31b2dcf55ef.jpg,1412889,Osmunda claytoniana L.,tflite,tflite:color_correct=none:top_k=8,8,none,probability,1396708,1396708,False,False,
D:\BackupFiles\School2023-Present\05_Spring2026\CS659\CS659_Project\dataset_sample\images\test\1412889\d18ea420ae3d6fa3384bb7c5cde2b31b2dcf55ef.jpg,1412889,Osmunda claytoniana L.,tflite,tflite:color_correct=gray_world:top_k=1,1,gray_world,probability,1394420,1394420,False,False,
D:\BackupFiles\School2023-Present\05_Spring2026\CS659\CS659_Project\dataset_sample\images\test\1412889\d18ea420ae3d6fa3384bb7c5cde2b31b2dcf55ef.jpg,1412889,Osmunda claytoniana L.,tflite,tflite:color_correct=gray_world:top_k=8,8,gray_world,probability,1394420,1394420,False,False,
D:\BackupFiles\School2023-Present\05_Spring2026\CS659\CS659_Project\dataset_sample\images\test\1412889\d18ea420ae3d6fa3384bb7c5cde2b31b2dcf55ef.jpg,1412889,Osmunda claytoniana L.,tflite,tflite:color_correct=max_rgb:top_k=1,1,max_rgb,probability,1396708,1396708,False,False,
D:\BackupFiles\School2023-Present\05_Spring2026\CS659\CS659_Project\dataset_sample\images\test\1412889\d18ea420ae3d6fa3384bb7c5cde2b31b2dcf55ef.jpg,1412889,Osmunda claytoniana L.,tflite,tflite:color_correct=max_rgb:top_k=8,8,max_rgb,probability,1396708,1396708,False,False,
D:\BackupFiles\School2023-Present\05_Spring2026\CS659\CS659_Project\dataset_sample\images\test\1412889\d18ea420ae3d6fa3384bb7c5cde2b31b2dcf55ef.jpg,1412889,Osmunda claytoniana L.,hog_svm,hog_svm:top_k=1,1,,decision_function,1356382,Dryopteris filix-mas (L.) Schott,False,False,
D:\BackupFiles\School2023-Present\05_Spring2026\CS659\CS659_Project\dataset_sample\images\test\1412889\d18ea420ae3d6fa3384bb7c5cde2b31b2dcf55ef.jpg,1412889,Osmunda claytoniana L.,hog_svm,hog_svm:top_k=8,8,,decision_function,1356382,Dryopteris filix-mas (L.) Schott,False,False,
D:\BackupFiles\School2023-Present\05_Spring2026\CS659\CS659_Project\dataset_sample\images\test\1391868\5e19bf73b865ca885431aefe5396283a647dbf0e.jpg,1391868,Empetrum nigrum L.,tflite,tflite:color_correct=none:top_k=1,1,none,probability,1356022,1356022,False,False,
D:\BackupFiles\School2023-Present\05_Spring2026\CS659\CS659_Project\dataset_sample\images\test\1391868\5e19bf73b865ca885431aefe5396283a647dbf0e.jpg,1391868,Empetrum nigrum L.,tflite,tflite:color_correct=none:top_k=8,8,none,probability,1356022,1356022,False,False,
D:\BackupFiles\School2023-Present\05_Spring2026\CS659\CS659_Project\dataset_sample\images\test\1391868\5e19bf73b865ca885431aefe5396283a647dbf0e.jpg,1391868,Empetrum nigrum L.,tflite,tflite:color_correct=gray_world:top_k=1,1,gray_world,probability,1393792,1393792,False,False,
D:\BackupFiles\School2023-Present\05_Spring2026\CS659\CS659_Project\dataset_sample\images\test\1391868\5e19bf73b865ca885431aefe5396283a647dbf0e.jpg,1391868,Empetrum nigrum L.,tflite,tflite:color_correct=gray_world:top_k=8,8,gray_world,probability,1393792,1393792,False,False,
D:\BackupFiles\School2023-Present\05_Spring2026\CS659\CS659_Project\dataset_sample\images\test\1391868\5e19bf73b865ca885431aefe5396283a647dbf0e.jpg,1391868,Empetrum nigrum L.,tflite,tflite:color_correct=max_rgb:top_k=1,1,max_rgb,probability,1363737,1363737,False,False,
D:\BackupFiles\School2023-Present\05_Spring2026\CS659\CS659_Project\dataset_sample\images\test\1391868\5e19bf73b865ca885431aefe5396283a647dbf0e.jpg,1391868,Empetrum nigrum L.,tflite,tflite:color_correct=max_rgb:top_k=8,8,max_rgb,probability,1363737,1363737,False,False,
D:\BackupFiles\School2023-Present\05_Spring2026\CS659\CS659_Project\dataset_sample\images\test\1391868\5e19bf73b865ca885431aefe5396283a647dbf0e.jpg,1391868,Empetrum nigrum L.,hog_svm,hog_svm:top_k=1,1,,decision_function,1356257,Melilotus albus Medik.,False,False,
D:\BackupFiles\School2023-Present\05_Spring2026\CS659\CS659_Project\dataset_sample\images\test\1391868\5e19bf73b865ca885431aefe5396283a647dbf0e.jpg,1391868,Empetrum nigrum L.,hog_svm,hog_svm:top_k=8,8,,decision_function,1356257,Melilotus albus Medik.,False,False,
D:\BackupFiles\School2023-Present\05_Spring2026\CS659\CS659_Project\dataset_sample\images\test\1397305\3023dd0e5d8a03f52e11ef3a7c4daef8cf4fecfe.jpg,1397305,Alcea biennis Winterl,tflite,tflite:color_correct=none:top_k=1,1,none,probability,1359620,1359620,False,False,
D:\BackupFiles\School2023-Present\05_Spring2026\CS659\CS659_Project\dataset_sample\images\test\1397305\3023dd0e5d8a03f52e11ef3a7c4daef8cf4fecfe.jpg,1397305,Alcea biennis Winterl,tflite,tflite:color_correct=none:top_k=8,8,none,probability,1359620,1359620,False,True,
D:\BackupFiles\School2023-Present\05_Spring2026\CS659\CS659_Project\dataset_sample\images\test\1397305\3023dd0e5d8a03f52e11ef3a7c4daef8cf4fecfe.jpg,1397305,Alcea biennis Winterl,tflite,tflite:color_correct=gray_world:top_k=1,1,gray_world,probability,1359620,1359620,False,False,
D:\BackupFiles\School2023-Present\05_Spring2026\CS659\CS659_Project\dataset_sample\images\test\1397305\3023dd0e5d8a03f52e11ef3a7c4daef8cf4fecfe.jpg,1397305,Alcea biennis Winterl,tflite,tflite:color_correct=gray_world:top_k=8,8,gray_world,probability,1359620,1359620,False,False,
D:\BackupFiles\School2023-Present\05_Spring2026\CS659\CS659_Project\dataset_sample\images\test\1397305\3023dd0e5d8a03f52e11ef3a7c4daef8cf4fecfe.jpg,1397305,Alcea biennis Winterl,tflite,tflite:color_correct=max_rgb:top_k=1,1,max_rgb,probability,1359620,1359620,False,False,
D:\BackupFiles\School2023-Present\05_Spring2026\CS659\CS659_Project\dataset_sample\images\test\1397305\3023dd0e5d8a03f52e11ef3a7c4daef8cf4fecfe.jpg,1397305,Alcea biennis Winterl,tflite,tflite:color_correct=max_rgb:top_k=8,8,max_rgb,probability,1359620,1359620,False,True,
D:\BackupFiles\School2023-Present\05_Spring2026\CS659\CS659_Project\dataset_sample\images\test\1397305\3023dd0e5d8a03f52e11ef3a7c4daef8cf4fecfe.jpg,1397305,Alcea biennis Winterl,hog_svm,hog_svm:top_k=1,1,,decision_function,1355990,Mercurialis annua L.,False,False,
D:\BackupFiles\School2023-Present\05_Spring2026\CS659\CS659_Project\dataset_sample\images\test\1397305\3023dd0e5d8a03f52e11ef3a7c4daef8cf4fecfe.jpg,1397305,Alcea biennis Winterl,hog_svm,hog_svm:top_k=8,8,,decision_function,1355990,Mercurialis annua L.,False,False,
D:\BackupFiles\School2023-Present\05_Spring2026\CS659\CS659_Project\dataset_sample\images\test\1359620\8d200a8ee1fb181221501dd1ffaeef8eef65c92e.jpg,1359620,Alcea rosea L.,tflite,tflite:color_correct=none:top_k=1,1,none,probability,1384485,1384485,False,False,
D:\BackupFiles\School2023-Present\05_Spring2026\CS659\CS659_Project\dataset_sample\images\test\1359620\8d200a8ee1fb181221501dd1ffaeef8eef65c92e.jpg,1359620,Alcea rosea L.,tflite,tflite:color_correct=none:top_k=8,8,none,probability,1384485,1384485,False,True,
D:\BackupFiles\School2023-Present\05_Spring2026\CS659\CS659_Project\dataset_sample\images\test\1359620\8d200a8ee1fb181221501dd1ffaeef8eef65c92e.jpg,1359620,Alcea rosea L.,tflite,tflite:color_correct=gray_world:top_k=1,1,gray_world,probability,1359620,1359620,True,True,
D:\BackupFiles\School2023-Present\05_Spring2026\CS659\CS659_Project\dataset_sample\images\test\1359620\8d200a8ee1fb181221501dd1ffaeef8eef65c92e.jpg,1359620,Alcea rosea L.,tflite,tflite:color_correct=gray_world:top_k=8,8,gray_world,probability,1359620,1359620,True,True,
D:\BackupFiles\School2023-Present\05_Spring2026\CS659\CS659_Project\dataset_sample\images\test\1359620\8d200a8ee1fb181221501dd1ffaeef8eef65c92e.jpg,1359620,Alcea rosea L.,tflite,tflite:color_correct=max_rgb:top_k=1,1,max_rgb,probability,1384485,1384485,False,False,
D:\BackupFiles\School2023-Present\05_Spring2026\CS659\CS659_Project\dataset_sample\images\test\1359620\8d200a8ee1fb181221501dd1ffaeef8eef65c92e.jpg,1359620,Alcea rosea L.,tflite,tflite:color_correct=max_rgb:top_k=8,8,max_rgb,probability,1384485,1384485,False,True,
D:\BackupFiles\School2023-Present\05_Spring2026\CS659\CS659_Project\dataset_sample\images\test\1359620\8d200a8ee1fb181221501dd1ffaeef8eef65c92e.jpg,1359620,Alcea rosea L.,hog_svm,hog_svm:top_k=1,1,,decision_function,1355990,Mercurialis annua L.,False,False,
D:\BackupFiles\School2023-Present\05_Spring2026\CS659\CS659_Project\dataset_sample\images\test\1359620\8d200a8ee1fb181221501dd1ffaeef8eef65c92e.jpg,1359620,Alcea rosea L.,hog_svm,hog_svm:top_k=8,8,,decision_function,1355990,Mercurialis annua L.,False,False,
D:\BackupFiles\School2023-Present\05_Spring2026\CS659\CS659_Project\dataset_sample\images\test\1360998\81c67a047fa43e551527d945f57dda527b356cb2.jpg,1360998,Anthericum liliago L.,tflite,tflite:color_correct=none:top_k=1,1,none,probability,1358095,1358095,False,False,
D:\BackupFiles\School2023-Present\05_Spring2026\CS659\CS659_Project\dataset_sample\images\test\1360998\81c67a047fa43e551527d945f57dda527b356cb2.jpg,1360998,Anthericum liliago L.,tflite,tflite:color_correct=none:top_k=8,8,none,probability,1358095,1358095,False,True,
D:\BackupFiles\School2023-Present\05_Spring2026\CS659\CS659_Project\dataset_sample\images\test\1360998\81c67a047fa43e551527d945f57dda527b356cb2.jpg,1360998,Anthericum liliago L.,tflite,tflite:color_correct=gray_world:top_k=1,1,gray_world,probability,1398592,1398592,False,False,
D:\BackupFiles\School2023-Present\05_Spring2026\CS659\CS659_Project\dataset_sample\images\test\1360998\81c67a047fa43e551527d945f57dda527b356cb2.jpg,1360998,Anthericum liliago L.,tflite,tflite:color_correct=gray_world:top_k=8,8,gray_world,probability,1398592,1398592,False,False,
D:\BackupFiles\School2023-Present\05_Spring2026\CS659\CS659_Project\dataset_sample\images\test\1360998\81c67a047fa43e551527d945f57dda527b356cb2.jpg,1360998,Anthericum liliago L.,tflite,tflite:color_correct=max_rgb:top_k=1,1,max_rgb,probability,1358095,1358095,False,False,
D:\BackupFiles\School2023-Present\05_Spring2026\CS659\CS659_Project\dataset_sample\images\test\1360998\81c67a047fa43e551527d945f57dda527b356cb2.jpg,1360998,Anthericum liliago L.,tflite,tflite:color_correct=max_rgb:top_k=8,8,max_rgb,probability,1358095,1358095,False,True,
D:\BackupFiles\School2023-Present\05_Spring2026\CS659\CS659_Project\dataset_sample\images\test\1360998\81c67a047fa43e551527d945f57dda527b356cb2.jpg,1360998,Anthericum liliago L.,hog_svm,hog_svm:top_k=1,1,,decision_function,1356126,Lavandula dentata L.,False,False,
D:\BackupFiles\School2023-Present\05_Spring2026\CS659\CS659_Project\dataset_sample\images\test\1360998\81c67a047fa43e551527d945f57dda527b356cb2.jpg,1360998,Anthericum liliago L.,hog_svm,hog_svm:top_k=8,8,,decision_function,1356126,Lavandula dentata L.,False,False,
D:\BackupFiles\School2023-Present\05_Spring2026\CS659\CS659_Project\dataset_sample\images\test\1375966\6971bddaf6829138f007a43fecf4909929460cfe.jpg,1375966,Phyllanthus amarus Schumach. & Thonn.,tflite,tflite:color_correct=none:top_k=1,1,none,probability,1357330,1357330,False,False,
D:\BackupFiles\School2023-Present\05_Spring2026\CS659\CS659_Project\dataset_sample\images\test\1375966\6971bddaf6829138f007a43fecf4909929460cfe.jpg,1375966,Phyllanthus amarus Schumach. & Thonn.,tflite,tflite:color_correct=none:top_k=8,8,none,probability,1357330,1357330,False,False,
D:\BackupFiles\School2023-Present\05_Spring2026\CS659\CS659_Project\dataset_sample\images\test\1375966\6971bddaf6829138f007a43fecf4909929460cfe.jpg,1375966,Phyllanthus amarus Schumach. & Thonn.,tflite,tflite:color_correct=gray_world:top_k=1,1,gray_world,probability,1385937,1385937,False,False,
D:\BackupFiles\School2023-Present\05_Spring2026\CS659\CS659_Project\dataset_sample\images\test\1375966\6971bddaf6829138f007a43fecf4909929460cfe.jpg,1375966,Phyllanthus amarus Schumach. & Thonn.,tflite,tflite:color_correct=gray_world:top_k=8,8,gray_world,probability,1385937,1385937,False,False,
D:\BackupFiles\School2023-Present\05_Spring2026\CS659\CS659_Project\dataset_sample\images\test\1375966\6971bddaf6829138f007a43fecf4909929460cfe.jpg,1375966,Phyllanthus amarus Schumach. & Thonn.,tflite,tflite:color_correct=max_rgb:top_k=1,1,max_rgb,probability,1357330,1357330,False,False,
D:\BackupFiles\School2023-Present\05_Spring2026\CS659\CS659_Project\dataset_sample\images\test\1375966\6971bddaf6829138f007a43fecf4909929460cfe.jpg,1375966,Phyllanthus amarus Schumach. & Thonn.,tflite,tflite:color_correct=max_rgb:top_k=8,8,max_rgb,probability,1357330,1357330,False,False,
D:\BackupFiles\School2023-Present\05_Spring2026\CS659\CS659_Project\dataset_sample\images\test\1375966\6971bddaf6829138f007a43fecf4909929460cfe.jpg,1375966,Phyllanthus amarus Schumach. & Thonn.,hog_svm,hog_svm:top_k=1,1,,decision_function,1356421,Nephrolepis exaltata (L.) Schott,False,False,
D:\BackupFiles\School2023-Present\05_Spring2026\CS659\CS659_Project\dataset_sample\images\test\1375966\6971bddaf6829138f007a43fecf4909929460cfe.jpg,1375966,Phyllanthus amarus Schumach. & Thonn.,hog_svm,hog_svm:top_k=8,8,,decision_function,1356421,Nephrolepis exaltata (L.) Schott,False,False,
D:\BackupFiles\School2023-Present\05_Spring2026\CS659\CS659_Project\dataset_sample\images\test\1396161\91991975febd7cf0e5e6fe068790f46f6ea2f5ea.jpg,1396161,Sedum ochroleucum Chaix,tflite,tflite:color_correct=none:top_k=1,1,none,probability,1418547,1418547,False,False,
D:\BackupFiles\School2023-Present\05_Spring2026\CS659\CS659_Project\dataset_sample\images\test\1396161\91991975febd7cf0e5e6fe068790f46f6ea2f5ea.jpg,1396161,Sedum ochroleucum Chaix,tflite,tflite:color_correct=none:top_k=8,8,none,probability,1418547,1418547,False,False,
D:\BackupFiles\School2023-Present\05_Spring2026\CS659\CS659_Project\dataset_sample\images\test\1396161\91991975febd7cf0e5e6fe068790f46f6ea2f5ea.jpg,1396161,Sedum ochroleucum Chaix,tflite,tflite:color_correct=gray_world:top_k=1,1,gray_world,probability,1420795,1420795,False,False,
D:\BackupFiles\School2023-Present\05_Spring2026\CS659\CS659_Project\dataset_sample\images\test\1396161\91991975febd7cf0e5e6fe068790f46f6ea2f5ea.jpg,1396161,Sedum ochroleucum Chaix,tflite,tflite:color_correct=gray_world:top_k=8,8,gray_world,probability,1420795,1420795,False,False,
D:\BackupFiles\School2023-Present\05_Spring2026\CS659\CS659_Project\dataset_sample\images\test\1396161\91991975febd7cf0e5e6fe068790f46f6ea2f5ea.jpg,1396161,Sedum ochroleucum Chaix,tflite,tflite:color_correct=max_rgb:top_k=1,1,max_rgb,probability,1418547,1418547,False,False,
D:\BackupFiles\School2023-Present\05_Spring2026\CS659\CS659_Project\dataset_sample\images\test\1396161\91991975febd7cf0e5e6fe068790f46f6ea2f5ea.jpg,1396161,Sedum ochroleucum Chaix,tflite,tflite:color_correct=max_rgb:top_k=8,8,max_rgb,probability,1418547,1418547,False,False,
D:\BackupFiles\School2023-Present\05_Spring2026\CS659\CS659_Project\dataset_sample\images\test\1396161\91991975febd7cf0e5e6fe068790f46f6ea2f5ea.jpg,1396161,Sedum ochroleucum Chaix,hog_svm,hog_svm:top_k=1,1,,decision_function,1356126,Lavandula dentata L.,False,False,
D:\BackupFiles\School2023-Present\05_Spring2026\CS659\CS659_Project\dataset_sample\images\test\1396161\91991975febd7cf0e5e6fe068790f46f6ea2f5ea.jpg,1396161,Sedum ochroleucum Chaix,hog_svm,hog_svm:top_k=8,8,,decision_function,1356126,Lavandula dentata L.,False,False,
D:\BackupFiles\School2023-Present\05_Spring2026\CS659\CS659_Project\dataset_sample\images\test\1419115\912f4ff4a7a4e0d47bd7e0cc0fb4bde1cd1be448.jpg,1419115,Pelargonium x hortorum L.H. Bailey,tflite,tflite:color_correct=none:top_k=1,1,none,probability,1435714,1435714,False,False,
D:\BackupFiles\School2023-Present\05_Spring2026\CS659\CS659_Project\dataset_sample\images\test\1419115\912f4ff4a7a4e0d47bd7e0cc0fb4bde1cd1be448.jpg,1419115,Pelargonium x hortorum L.H. Bailey,tflite,tflite:color_correct=none:top_k=8,8,none,probability,1435714,1435714,False,True,
D:\BackupFiles\School2023-Present\05_Spring2026\CS659\CS659_Project\dataset_sample\images\test\1419115\912f4ff4a7a4e0d47bd7e0cc0fb4bde1cd1be448.jpg,1419115,Pelargonium x hortorum L.H. Bailey,tflite,tflite:color_correct=gray_world:top_k=1,1,gray_world,probability,1435714,1435714,False,False,
D:\BackupFiles\School2023-Present\05_Spring2026\CS659\CS659_Project\dataset_sample\images\test\1419115\912f4ff4a7a4e0d47bd7e0cc0fb4bde1cd1be448.jpg,1419115,Pelargonium x hortorum L.H. Bailey,tflite,tflite:color_correct=gray_world:top_k=8,8,gray_world,probability,1435714,1435714,False,False,
D:\BackupFiles\School2023-Present\05_Spring2026\CS659\CS659_Project\dataset_sample\images\test\1419115\912f4ff4a7a4e0d47bd7e0cc0fb4bde1cd1be448.jpg,1419115,Pelargonium x hortorum L.H. Bailey,tflite,tflite:color_correct=max_rgb:top_k=1,1,max_rgb,probability,1435714,1435714,False,False,
D:\BackupFiles\School2023-Present\05_Spring2026\CS659\CS659_Project\dataset_sample\images\test\1419115\912f4ff4a7a4e0d47bd7e0cc0fb4bde1cd1be448.jpg,1419115,Pelargonium x hortorum L.H. Bailey,tflite,tflite:color_correct=max_rgb:top_k=8,8,max_rgb,probability,1435714,1435714,False,True,
D:\BackupFiles\School2023-Present\05_Spring2026\CS659\CS659_Project\dataset_sample\images\test\1419115\912f4ff4a7a4e0d47bd7e0cc0fb4bde1cd1be448.jpg,1419115,Pelargonium x hortorum L.H. Bailey,hog_svm,hog_svm:top_k=1,1,,decision_function,1356781,Humulus lupulus L.,False,False,
D:\BackupFiles\School2023-Present\05_Spring2026\CS659\CS659_Project\dataset_sample\images\test\1419115\912f4ff4a7a4e0d47bd7e0cc0fb4bde1cd1be448.jpg,1419115,Pelargonium x hortorum L.H. Bailey,hog_svm,hog_svm:top_k=8,8,,decision_function,1356781,Humulus lupulus L.,False,False,
D:\BackupFiles\School2023-Present\05_Spring2026\CS659\CS659_Project\dataset_sample\images\test\1363490\66de6441d7ec22f1262573d415a8e866ae4ae0f1.jpg,1363490,Phalaris arundinacea L.,tflite,tflite:color_correct=none:top_k=1,1,none,probability,1363490,1363490,True,True,
D:\BackupFiles\School2023-Present\05_Spring2026\CS659\CS659_Project\dataset_sample\images\test\1363490\66de6441d7ec22f1262573d415a8e866ae4ae0f1.jpg,1363490,Phalaris arundinacea L.,tflite,tflite:color_correct=none:top_k=8,8,none,probability,1363490,1363490,True,True,
D:\BackupFiles\School2023-Present\05_Spring2026\CS659\CS659_Project\dataset_sample\images\test\1363490\66de6441d7ec22f1262573d415a8e866ae4ae0f1.jpg,1363490,Phalaris arundinacea L.,tflite,tflite:color_correct=gray_world:top_k=1,1,gray_world,probability,1362954,1362954,False,False,
D:\BackupFiles\School2023-Present\05_Spring2026\CS659\CS659_Project\dataset_sample\images\test\1363490\66de6441d7ec22f1262573d415a8e866ae4ae0f1.jpg,1363490,Phalaris arundinacea L.,tflite,tflite:color_correct=gray_world:top_k=8,8,gray_world,probability,1362954,1362954,False,True,
D:\BackupFiles\School2023-Present\05_Spring2026\CS659\CS659_Project\dataset_sample\images\test\1363490\66de6441d7ec22f1262573d415a8e866ae4ae0f1.jpg,1363490,Phalaris arundinacea L.,tflite,tflite:color_correct=max_rgb:top_k=1,1,max_rgb,probability,1363490,1363490,True,True,
D:\BackupFiles\School2023-Present\05_Spring2026\CS659\CS659_Project\dataset_sample\images\test\1363490\66de6441d7ec22f1262573d415a8e866ae4ae0f1.jpg,1363490,Phalaris arundinacea L.,tflite,tflite:color_correct=max_rgb:top_k=8,8,max_rgb,probability,1363490,1363490,True,True,
D:\BackupFiles\School2023-Present\05_Spring2026\CS659\CS659_Project\dataset_sample\images\test\1363490\66de6441d7ec22f1262573d415a8e866ae4ae0f1.jpg,1363490,Phalaris arundinacea L.,hog_svm,hog_svm:top_k=1,1,,decision_function,1356781,Humulus lupulus L.,False,False,
D:\BackupFiles\School2023-Present\05_Spring2026\CS659\CS659_Project\dataset_sample\images\test\1363490\66de6441d7ec22f1262573d415a8e866ae4ae0f1.jpg,1363490,Phalaris arundinacea L.,hog_svm,hog_svm:top_k=8,8,,decision_function,1356781,Humulus lupulus L.,False,False,
D:\BackupFiles\School2023-Present\05_Spring2026\CS659\CS659_Project\dataset_sample\images\test\1360550\be236e8c1e093c8a2d6017cd675d86ea6f0ae713.jpg,1360550,Hyoscyamus albus L.,tflite,tflite:color_correct=none:top_k=1,1,none,probability,1355868,1355868,False,False,
D:\BackupFiles\School2023-Present\05_Spring2026\CS659\CS659_Project\dataset_sample\images\test\1360550\be236e8c1e093c8a2d6017cd675d86ea6f0ae713.jpg,1360550,Hyoscyamus albus L.,tflite,tflite:color_correct=none:top_k=8,8,none,probability,1355868,1355868,False,False,
D:\BackupFiles\School2023-Present\05_Spring2026\CS659\CS659_Project\dataset_sample\images\test\1360550\be236e8c1e093c8a2d6017cd675d86ea6f0ae713.jpg,1360550,Hyoscyamus albus L.,tflite,tflite:color_correct=gray_world:top_k=1,1,gray_world,probability,1394420,1394420,False,False,
D:\BackupFiles\School2023-Present\05_Spring2026\CS659\CS659_Project\dataset_sample\images\test\1360550\be236e8c1e093c8a2d6017cd675d86ea6f0ae713.jpg,1360550,Hyoscyamus albus L.,tflite,tflite:color_correct=gray_world:top_k=8,8,gray_world,probability,1394420,1394420,False,False,
D:\BackupFiles\School2023-Present\05_Spring2026\CS659\CS659_Project\dataset_sample\images\test\1360550\be236e8c1e093c8a2d6017cd675d86ea6f0ae713.jpg,1360550,Hyoscyamus albus L.,tflite,tflite:color_correct=max_rgb:top_k=1,1,max_rgb,probability,1355868,1355868,False,False,
D:\BackupFiles\School2023-Present\05_Spring2026\CS659\CS659_Project\dataset_sample\images\test\1360550\be236e8c1e093c8a2d6017cd675d86ea6f0ae713.jpg,1360550,Hyoscyamus albus L.,tflite,tflite:color_correct=max_rgb:top_k=8,8,max_rgb,probability,1355868,1355868,False,False,
D:\BackupFiles\School2023-Present\05_Spring2026\CS659\CS659_Project\dataset_sample\images\test\1360550\be236e8c1e093c8a2d6017cd675d86ea6f0ae713.jpg,1360550,Hyoscyamus albus L.,hog_svm,hog_svm:top_k=1,1,,decision_function,1355936,Cirsium arvense (L.) Scop.,False,False,
D:\BackupFiles\School2023-Present\05_Spring2026\CS659\CS659_Project\dataset_sample\images\test\1360550\be236e8c1e093c8a2d6017cd675d86ea6f0ae713.jpg,1360550,Hyoscyamus albus L.,hog_svm,hog_svm:top_k=8,8,,decision_function,1355936,Cirsium arvense (L.) Scop.,False,False,
D:\BackupFiles\School2023-Present\05_Spring2026\CS659\CS659_Project\dataset_sample\images\test\1529081\5e5d58c0b3b451c1ab53fb5be44e98c3db126241.jpg,1529081,Sedum adolphii Raym.-Hamet,tflite,tflite:color_correct=none:top_k=1,1,none,probability,1362294,1362294,False,False,
D:\BackupFiles\School2023-Present\05_Spring2026\CS659\CS659_Project\dataset_sample\images\test\1529081\5e5d58c0b3b451c1ab53fb5be44e98c3db126241.jpg,1529081,Sedum adolphii Raym.-Hamet,tflite,tflite:color_correct=none:top_k=8,8,none,probability,1362294,1362294,False,False,
D:\BackupFiles\School2023-Present\05_Spring2026\CS659\CS659_Project\dataset_sample\images\test\1529081\5e5d58c0b3b451c1ab53fb5be44e98c3db126241.jpg,1529081,Sedum adolphii Raym.-Hamet,tflite,tflite:color_correct=gray_world:top_k=1,1,gray_world,probability,1362294,1362294,False,False,
D:\BackupFiles\School2023-Present\05_Spring2026\CS659\CS659_Project\dataset_sample\images\test\1529081\5e5d58c0b3b451c1ab53fb5be44e98c3db126241.jpg,1529081,Sedum adolphii Raym.-Hamet,tflite,tflite:color_correct=gray_world:top_k=8,8,gray_world,probability,1362294,1362294,False,False,
D:\BackupFiles\School2023-Present\05_Spring2026\CS659\CS659_Project\dataset_sample\images\test\1529081\5e5d58c0b3b451c1ab53fb5be44e98c3db126241.jpg,1529081,Sedum adolphii Raym.-Hamet,tflite,tflite:color_correct=max_rgb:top_k=1,1,max_rgb,probability,1362294,1362294,False,False,
D:\BackupFiles\School2023-Present\05_Spring2026\CS659\CS659_Project\dataset_sample\images\test\1529081\5e5d58c0b3b451c1ab53fb5be44e98c3db126241.jpg,1529081,Sedum adolphii Raym.-Hamet,tflite,tflite:color_correct=max_rgb:top_k=8,8,max_rgb,probability,1362294,1362294,False,False,
D:\BackupFiles\School2023-Present\05_Spring2026\CS659\CS659_Project\dataset_sample\images\test\1529081\5e5d58c0b3b451c1ab53fb5be44e98c3db126241.jpg,1529081,Sedum adolphii Raym.-Hamet,hog_svm,hog_svm:top_k=1,1,,decision_function,1355990,Mercurialis annua L.,False,False,
D:\BackupFiles\School2023-Present\05_Spring2026\CS659\CS659_Project\dataset_sample\images\test\1529081\5e5d58c0b3b451c1ab53fb5be44e98c3db126241.jpg,1529081,Sedum adolphii Raym.-Hamet,hog_svm,hog_svm:top_k=8,8,,decision_function,1355990,Mercurialis annua L.,False,False,
D:\BackupFiles\School2023-Present\05_Spring2026\CS659\CS659_Project\dataset_sample\images\test\1413002\229c013995cd359c46156345c4140d3cabd8a401.jpg,1413002,Aralia nudicaulis L.,tflite,tflite:color_correct=none:top_k=1,1,none,probability,1363991,1363991,False,False,
D:\BackupFiles\School2023-Present\05_Spring2026\CS659\CS659_Project\dataset_sample\images\test\1413002\229c013995cd359c46156345c4140d3cabd8a401.jpg,1413002,Aralia nudicaulis L.,tflite,tflite:color_correct=none:top_k=8,8,none,probability,1363991,1363991,False,True,
D:\BackupFiles\School2023-Present\05_Spring2026\CS659\CS659_Project\dataset_sample\images\test\1413002\229c013995cd359c46156345c4140d3cabd8a401.jpg,1413002,Aralia nudicaulis L.,tflite,tflite:color_correct=gray_world:top_k=1,1,gray_world,probability,1361824,1361824,False,False,
D:\BackupFiles\School2023-Present\05_Spring2026\CS659\CS659_Project\dataset_sample\images\test\1413002\229c013995cd359c46156345c4140d3cabd8a401.jpg,1413002,Aralia nudicaulis L.,tflite,tflite:color_correct=gray_world:top_k=8,8,gray_world,probability,1361824,1361824,False,False,
D:\BackupFiles\School2023-Present\05_Spring2026\CS659\CS659_Project\dataset_sample\images\test\1413002\229c013995cd359c46156345c4140d3cabd8a401.jpg,1413002,Aralia nudicaulis L.,tflite,tflite:color_correct=max_rgb:top_k=1,1,max_rgb,probability,1363991,1363991,False,False,
D:\BackupFiles\School2023-Present\05_Spring2026\CS659\CS659_Project\dataset_sample\images\test\1413002\229c013995cd359c46156345c4140d3cabd8a401.jpg,1413002,Aralia nudicaulis L.,tflite,tflite:color_correct=max_rgb:top_k=8,8,max_rgb,probability,1363991,1363991,False,True,
D:\BackupFiles\School2023-Present\05_Spring2026\CS659\CS659_Project\dataset_sample\images\test\1413002\229c013995cd359c46156345c4140d3cabd8a401.jpg,1413002,Aralia nudicaulis L.,hog_svm,hog_svm:top_k=1,1,,decision_function,1355932,Pelargonium graveolens L'Hér.,False,False,
D:\BackupFiles\School2023-Present\05_Spring2026\CS659\CS659_Project\dataset_sample\images\test\1413002\229c013995cd359c46156345c4140d3cabd8a401.jpg,1413002,Aralia nudicaulis L.,hog_svm,hog_svm:top_k=8,8,,decision_function,1355932,Pelargonium graveolens L'Hér.,False,False,
D:\BackupFiles\School2023-Present\05_Spring2026\CS659\CS659_Project\dataset_sample\images\test\1360147\616df43a6cf0d7d0770da4f05c22fae28645d5c1.jpg,1360147,Adonis aestivalis L.,tflite,tflite:color_correct=none:top_k=1,1,none,probability,1364159,1364159,False,False,
D:\BackupFiles\School2023-Present\05_Spring2026\CS659\CS659_Project\dataset_sample\images\test\1360147\616df43a6cf0d7d0770da4f05c22fae28645d5c1.jpg,1360147,Adonis aestivalis L.,tflite,tflite:color_correct=none:top_k=8,8,none,probability,1364159,1364159,False,True,
D:\BackupFiles\School2023-Present\05_Spring2026\CS659\CS659_Project\dataset_sample\images\test\1360147\616df43a6cf0d7d0770da4f05c22fae28645d5c1.jpg,1360147,Adonis aestivalis L.,tflite,tflite:color_correct=gray_world:top_k=1,1,gray_world,probability,1361824,1361824,False,False,
D:\BackupFiles\School2023-Present\05_Spring2026\CS659\CS659_Project\dataset_sample\images\test\1360147\616df43a6cf0d7d0770da4f05c22fae28645d5c1.jpg,1360147,Adonis aestivalis L.,tflite,tflite:color_correct=gray_world:top_k=8,8,gray_world,probability,1361824,1361824,False,False,
D:\BackupFiles\School2023-Present\05_Spring2026\CS659\CS659_Project\dataset_sample\images\test\1360147\616df43a6cf0d7d0770da4f05c22fae28645d5c1.jpg,1360147,Adonis aestivalis L.,tflite,tflite:color_correct=max_rgb:top_k=1,1,max_rgb,probability,1364159,1364159,False,False,
D:\BackupFiles\School2023-Present\05_Spring2026\CS659\CS659_Project\dataset_sample\images\test\1360147\616df43a6cf0d7d0770da4f05c22fae28645d5c1.jpg,1360147,Adonis aestivalis L.,tflite,tflite:color_correct=max_rgb:top_k=8,8,max_rgb,probability,1364159,1364159,False,True,
D:\BackupFiles\School2023-Present\05_Spring2026\CS659\CS659_Project\dataset_sample\images\test\1360147\616df43a6cf0d7d0770da4f05c22fae28645d5c1.jpg,1360147,Adonis aestivalis L.,hog_svm,hog_svm:top_k=1,1,,decision_function,1356382,Dryopteris filix-mas (L.) Schott,False,False,
D:\BackupFiles\School2023-Present\05_Spring2026\CS659\CS659_Project\dataset_sample\images\test\1360147\616df43a6cf0d7d0770da4f05c22fae28645d5c1.jpg,1360147,Adonis aestivalis L.,hog_svm,hog_svm:top_k=8,8,,decision_function,1356382,Dryopteris filix-mas (L.) Schott,False,False,
D:\BackupFiles\School2023-Present\05_Spring2026\CS659\CS659_Project\dataset_sample\images\test\1412699\57b6b38a3056f1c02e25e27ff47521dab6064d92.jpg,1412699,Mertensia virginica (L.) Pers. ex Link,tflite,tflite:color_correct=none:top_k=1,1,none,probability,1412699,1412699,True,True,
D:\BackupFiles\School2023-Present\05_Spring2026\CS659\CS659_Project\dataset_sample\images\test\1412699\57b6b38a3056f1c02e25e27ff47521dab6064d92.jpg,1412699,Mertensia virginica (L.) Pers. ex Link,tflite,tflite:color_correct=none:top_k=8,8,none,probability,1412699,1412699,True,True,
D:\BackupFiles\School2023-Present\05_Spring2026\CS659\CS659_Project\dataset_sample\images\test\1412699\57b6b38a3056f1c02e25e27ff47521dab6064d92.jpg,1412699,Mertensia virginica (L.) Pers. ex Link,tflite,tflite:color_correct=gray_world:top_k=1,1,gray_world,probability,1397364,1397364,False,False,
D:\BackupFiles\School2023-Present\05_Spring2026\CS659\CS659_Project\dataset_sample\images\test\1412699\57b6b38a3056f1c02e25e27ff47521dab6064d92.jpg,1412699,Mertensia virginica (L.) Pers. ex Link,tflite,tflite:color_correct=gray_world:top_k=8,8,gray_world,probability,1397364,1397364,False,True,
D:\BackupFiles\School2023-Present\05_Spring2026\CS659\CS659_Project\dataset_sample\images\test\1412699\57b6b38a3056f1c02e25e27ff47521dab6064d92.jpg,1412699,Mertensia virginica (L.) Pers. ex Link,tflite,tflite:color_correct=max_rgb:top_k=1,1,max_rgb,probability,1412699,1412699,True,True,
D:\BackupFiles\School2023-Present\05_Spring2026\CS659\CS659_Project\dataset_sample\images\test\1412699\57b6b38a3056f1c02e25e27ff47521dab6064d92.jpg,1412699,Mertensia virginica (L.) Pers. ex Link,tflite,tflite:color_correct=max_rgb:top_k=8,8,max_rgb,probability,1412699,1412699,True,True,
D:\BackupFiles\School2023-Present\05_Spring2026\CS659\CS659_Project\dataset_sample\images\test\1412699\57b6b38a3056f1c02e25e27ff47521dab6064d92.jpg,1412699,Mertensia virginica (L.) Pers. ex Link,hog_svm,hog_svm:top_k=1,1,,decision_function,1355990,Mercurialis annua L.,False,False,
D:\BackupFiles\School2023-Present\05_Spring2026\CS659\CS659_Project\dataset_sample\images\test\1412699\57b6b38a3056f1c02e25e27ff47521dab6064d92.jpg,1412699,Mertensia virginica (L.) Pers. ex Link,hog_svm,hog_svm:top_k=8,8,,decision_function,1355990,Mercurialis annua L.,False,False,
D:\BackupFiles\School2023-Present\05_Spring2026\CS659\CS659_Project\dataset_sample\images\test\1667445\a7463ce2df026f1928bc2268761c06b9e0f8089c.jpg,1667445,Fragaria × ananassa (Duchesne ex Weston) Duchesne ex Rozier,tflite,tflite:color_correct=none:top_k=1,1,none,probability,1384485,1384485,False,False,
D:\BackupFiles\School2023-Present\05_Spring2026\CS659\CS659_Project\dataset_sample\images\test\1667445\a7463ce2df026f1928bc2268761c06b9e0f8089c.jpg,1667445,Fragaria × ananassa (Duchesne ex Weston) Duchesne ex Rozier,tflite,tflite:color_correct=none:top_k=8,8,none,probability,1384485,1384485,False,False,
D:\BackupFiles\School2023-Present\05_Spring2026\CS659\CS659_Project\dataset_sample\images\test\1667445\a7463ce2df026f1928bc2268761c06b9e0f8089c.jpg,1667445,Fragaria × ananassa (Duchesne ex Weston) Duchesne ex Rozier,tflite,tflite:color_correct=gray_world:top_k=1,1,gray_world,probability,1394420,1394420,False,False,
D:\BackupFiles\School2023-Present\05_Spring2026\CS659\CS659_Project\dataset_sample\images\test\1667445\a7463ce2df026f1928bc2268761c06b9e0f8089c.jpg,1667445,Fragaria × ananassa (Duchesne ex Weston) Duchesne ex Rozier,tflite,tflite:color_correct=gray_world:top_k=8,8,gray_world,probability,1394420,1394420,False,False,
D:\BackupFiles\School2023-Present\05_Spring2026\CS659\CS659_Project\dataset_sample\images\test\1667445\a7463ce2df026f1928bc2268761c06b9e0f8089c.jpg,1667445,Fragaria × ananassa (Duchesne ex Weston) Duchesne ex Rozier,tflite,tflite:color_correct=max_rgb:top_k=1,1,max_rgb,probability,1384485,1384485,False,False,
D:\BackupFiles\School2023-Present\05_Spring2026\CS659\CS659_Project\dataset_sample\images\test\1667445\a7463ce2df026f1928bc2268761c06b9e0f8089c.jpg,1667445,Fragaria × ananassa (Duchesne ex Weston) Duchesne ex Rozier,tflite,tflite:color_correct=max_rgb:top_k=8,8,max_rgb,probability,1384485,1384485,False,True,
D:\BackupFiles\School2023-Present\05_Spring2026\CS659\CS659_Project\dataset_sample\images\test\1667445\a7463ce2df026f1928bc2268761c06b9e0f8089c.jpg,1667445,Fragaria × ananassa (Duchesne ex Weston) Duchesne ex Rozier,hog_svm,hog_svm:top_k=1,1,,decision_function,1355978,Pelargonium zonale (L.) L'Hér.,False,False,
D:\BackupFiles\School2023-Present\05_Spring2026\CS659\CS659_Project\dataset_sample\images\test\1667445\a7463ce2df026f1928bc2268761c06b9e0f8089c.jpg,1667445,Fragaria × ananassa (Duchesne ex Weston) Duchesne ex Rozier,hog_svm,hog_svm:top_k=8,8,,decision_function,1355978,Pelargonium zonale (L.) L'Hér.,False,False,
D:\BackupFiles\School2023-Present\05_Spring2026\CS659\CS659_Project\dataset_sample\images\test\1397351\87c59f2b81463d2e233e7a6393c153c1e1b1043c.jpg,1397351,Cirsium acaulon (L.) Scop.,tflite,tflite:color_correct=none:top_k=1,1,none,probability,1355936,1355936,False,False,
D:\BackupFiles\School2023-Present\05_Spring2026\CS659\CS659_Project\dataset_sample\images\test\1397351\87c59f2b81463d2e233e7a6393c153c1e1b1043c.jpg,1397351,Cirsium acaulon (L.) Scop.,tflite,tflite:color_correct=none:top_k=8,8,none,probability,1355936,1355936,False,False,
D:\BackupFiles\School2023-Present\05_Spring2026\CS659\CS659_Project\dataset_sample\images\test\1397351\87c59f2b81463d2e233e7a6393c153c1e1b1043c.jpg,1397351,Cirsium acaulon (L.) Scop.,tflite,tflite:color_correct=gray_world:top_k=1,1,gray_world,probability,1355868,1355868,False,False,
D:\BackupFiles\School2023-Present\05_Spring2026\CS659\CS659_Project\dataset_sample\images\test\1397351\87c59f2b81463d2e233e7a6393c153c1e1b1043c.jpg,1397351,Cirsium acaulon (L.) Scop.,tflite,tflite:color_correct=gray_world:top_k=8,8,gray_world,probability,1355868,1355868,False,False,
D:\BackupFiles\School2023-Present\05_Spring2026\CS659\CS659_Project\dataset_sample\images\test\1397351\87c59f2b81463d2e233e7a6393c153c1e1b1043c.jpg,1397351,Cirsium acaulon (L.) Scop.,tflite,tflite:color_correct=max_rgb:top_k=1,1,max_rgb,probability,1355936,1355936,False,False,
D:\BackupFiles\School2023-Present\05_Spring2026\CS659\CS659_Project\dataset_sample\images\test\1397351\87c59f2b81463d2e233e7a6393c153c1e1b1043c.jpg,1397351,Cirsium acaulon (L.) Scop.,tflite,tflite:color_correct=max_rgb:top_k=8,8,max_rgb,probability,1355936,1355936,False,False,
D:\BackupFiles\School2023-Present\05_Spring2026\CS659\CS659_Project\dataset_sample\images\test\1397351\87c59f2b81463d2e233e7a6393c153c1e1b1043c.jpg,1397351,Cirsium acaulon (L.) Scop.,hog_svm,hog_svm:top_k=1,1,,decision_function,1356022,Hypericum perforatum L.,False,False,
D:\BackupFiles\School2023-Present\05_Spring2026\CS659\CS659_Project\dataset_sample\images\test\1397351\87c59f2b81463d2e233e7a6393c153c1e1b1043c.jpg,1397351,Cirsium acaulon (L.) Scop.,hog_svm,hog_svm:top_k=8,8,,decision_function,1356022,Hypericum perforatum L.,False,False,
D:\BackupFiles\School2023-Present\05_Spring2026\CS659\CS659_Project\dataset_sample\images\test\1529107\2e1fb3369bf3bffd97c4ba9390043983505285a5.jpg,1529107,Sedum burrito Moran,tflite,tflite:color_correct=none:top_k=1,1,none,probability,1529107,1529107,True,True,
D:\BackupFiles\School2023-Present\05_Spring2026\CS659\CS659_Project\dataset_sample\images\test\1529107\2e1fb3369bf3bffd97c4ba9390043983505285a5.jpg,1529107,Sedum burrito Moran,tflite,tflite:color_correct=none:top_k=8,8,none,probability,1529107,1529107,True,True,
D:\BackupFiles\School2023-Present\05_Spring2026\CS659\CS659_Project\dataset_sample\images\test\1529107\2e1fb3369bf3bffd97c4ba9390043983505285a5.jpg,1529107,Sedum burrito Moran,tflite,tflite:color_correct=gray_world:top_k=1,1,gray_world,probability,1529107,1529107,True,True,
D:\BackupFiles\School2023-Present\05_Spring2026\CS659\CS659_Project\dataset_sample\images\test\1529107\2e1fb3369bf3bffd97c4ba9390043983505285a5.jpg,1529107,Sedum burrito Moran,tflite,tflite:color_correct=gray_world:top_k=8,8,gray_world,probability,1529107,1529107,True,True,
D:\BackupFiles\School2023-Present\05_Spring2026\CS659\CS659_Project\dataset_sample\images\test\1529107\2e1fb3369bf3bffd97c4ba9390043983505285a5.jpg,1529107,Sedum burrito Moran,tflite,tflite:color_correct=max_rgb:top_k=1,1,max_rgb,probability,1529107,1529107,True,True,
D:\BackupFiles\School2023-Present\05_Spring2026\CS659\CS659_Project\dataset_sample\images\test\1529107\2e1fb3369bf3bffd97c4ba9390043983505285a5.jpg,1529107,Sedum burrito Moran,tflite,tflite:color_correct=max_rgb:top_k=8,8,max_rgb,probability,1529107,1529107,True,True,
D:\BackupFiles\School2023-Present\05_Spring2026\CS659\CS659_Project\dataset_sample\images\test\1529107\2e1fb3369bf3bffd97c4ba9390043983505285a5.jpg,1529107,Sedum burrito Moran,hog_svm,hog_svm:top_k=1,1,,decision_function,1355978,Pelargonium zonale (L.) L'Hér.,False,False,
D:\BackupFiles\School2023-Present\05_Spring2026\CS659\CS659_Project\dataset_sample\images\test\1529107\2e1fb3369bf3bffd97c4ba9390043983505285a5.jpg,1529107,Sedum burrito Moran,hog_svm,hog_svm:top_k=8,8,,decision_function,1355978,Pelargonium zonale (L.) L'Hér.,False,False,
D:\BackupFiles\School2023-Present\05_Spring2026\CS659\CS659_Project\dataset_sample\images\test\1359197\ad7ee414bcf544e365de25ea68afc46c3132b486.jpg,1359197,Galega officinalis L.,tflite,tflite:color_correct=none:top_k=1,1,none,probability,1356257,1356257,False,False,
D:\BackupFiles\School2023-Present\05_Spring2026\CS659\CS659_Project\dataset_sample\images\test\1359197\ad7ee414bcf544e365de25ea68afc46c3132b486.jpg,1359197,Galega officinalis L.,tflite,tflite:color_correct=none:top_k=8,8,none,probability,1356257,1356257,False,True,
D:\BackupFiles\School2023-Present\05_Spring2026\CS659\CS659_Project\dataset_sample\images\test\1359197\ad7ee414bcf544e365de25ea68afc46c3132b486.jpg,1359197,Galega officinalis L.,tflite,tflite:color_correct=gray_world:top_k=1,1,gray_world,probability,1361824,1361824,False,False,
D:\BackupFiles\School2023-Present\05_Spring2026\CS659\CS659_Project\dataset_sample\images\test\1359197\ad7ee414bcf544e365de25ea68afc46c3132b486.jpg,1359197,Galega officinalis L.,tflite,tflite:color_correct=gray_world:top_k=8,8,gray_world,probability,1361824,1361824,False,False,
D:\BackupFiles\School2023-Present\05_Spring2026\CS659\CS659_Project\dataset_sample\images\test\1359197\ad7ee414bcf544e365de25ea68afc46c3132b486.jpg,1359197,Galega officinalis L.,tflite,tflite:color_correct=max_rgb:top_k=1,1,max_rgb,probability,1356257,1356257,False,False,
D:\BackupFiles\School2023-Present\05_Spring2026\CS659\CS659_Project\dataset_sample\images\test\1359197\ad7ee414bcf544e365de25ea68afc46c3132b486.jpg,1359197,Galega officinalis L.,tflite,tflite:color_correct=max_rgb:top_k=8,8,max_rgb,probability,1356257,1356257,False,True,
D:\BackupFiles\School2023-Present\05_Spring2026\CS659\CS659_Project\dataset_sample\images\test\1359197\ad7ee414bcf544e365de25ea68afc46c3132b486.jpg,1359197,Galega officinalis L.,hog_svm,hog_svm:top_k=1,1,,decision_function,1356126,Lavandula dentata L.,False,False,
D:\BackupFiles\School2023-Present\05_Spring2026\CS659\CS659_Project\dataset_sample\images\test\1359197\ad7ee414bcf544e365de25ea68afc46c3132b486.jpg,1359197,Galega officinalis L.,hog_svm,hog_svm:top_k=8,8,,decision_function,1356126,Lavandula dentata L.,False,False,
